threshold,precision,recall,f1,cost,TP,FP,FN,TN,f_beta_0.5,f_beta_1.0,f_beta_2.0
0.001,0.03454465404544993,1.0,0.06678233541755328,142535.0,5100,142535,0,0,0.042811093949365386,0.06678233541755328,0.1517540988484542
0.003004016064257028,0.03454488803392172,1.0,0.06678277266358505,142534.0,5100,142534,0,1,0.04281138144772982,0.06678277266358505,0.15175500196388825
0.005008032128514056,0.03454582401950823,1.0,0.06678452170496955,142530.0,5100,142530,0,5,0.04281253147980256,0.06678452170496955,0.1517586145331191
0.007012048192771085,0.034550036582391676,1.0,0.0667923935250668,142512.0,5100,142512,0,23,0.04281770738882508,0.0667923935250668,0.15177487322334118
0.009016064257028111,0.03455869896662714,1.0,0.06680858031766825,142475.0,5100,142475,0,60,0.042828350688612696,0.06680858031766825,0.151808304807263
0.011020080321285139,0.034565491439957706,1.0,0.0668212727487127,142446.0,5100,142446,0,89,0.04283669643397101,0.0668212727487127,0.1518345182380051
0.01302409638554217,0.03456994312905434,1.0,0.0668295910946294,142427.0,5100,142427,0,108,0.04284216609991801,0.0668295910946294,0.15185169746377888
0.015028112449799198,0.03457627118644068,1.0,0.06684141546526869,142400.0,5100,142400,0,135,0.04284994118635524,0.06684141546526869,0.15187611673615248
0.017032128514056225,0.03457697444693791,1.0,0.06684272954252049,142397.0,5100,142397,0,138,0.04285080525905413,0.06684272954252049,0.15187883047344505
0.019036144578313253,0.03457884994813173,1.0,0.06684623400114033,142389.0,5100,142389,0,146,0.04285310962329596,0.06684623400114033,0.15188606758036563
0.02104016064257028,0.034579318855221135,1.0,0.06684711017321265,142387.0,5100,142387,0,148,0.0428536857530821,0.06684711017321265,0.15188787696486325
0.023044176706827308,0.03457955331353484,1.0,0.06684754826786206,142386.0,5100,142386,0,149,0.04285397382378446,0.06684754826786206,0.1518887816732783
0.02504819277108434,0.0345821325648415,1.0,0.06685236768802229,142375.0,5100,142375,0,160,0.042857142857142864,0.06685236768802229,0.1518987341772152
0.027052208835341367,0.03458635398794225,1.0,0.06686025551105489,142357.0,5100,142357,0,178,0.042862329559207164,0.06686025551105489,0.15191502290640246
0.029056224899598394,0.034586588541666664,1.0,0.06686069377802249,142356.0,5100,142356,0,179,0.04286261774613227,0.06686069377802249,0.15191592793823275
0.031060240963855422,0.034586823098572445,1.0,0.0668611320507358,142355.0,5100,142355,0,180,0.0428629059369327,0.0668611320507358,0.15191683298084657
0.03306425702811245,0.034589403434524296,1.0,0.0668659534298301,142344.0,5100,142344,0,191,0.042866076291529664,0.0668659534298301,0.15192678916136412
0.03506827309236948,0.03459832028547006,1.0,0.06688261445451325,142306.0,5100,142306,0,229,0.04287703203502801,0.06688261445451325,0.15196119328271931
0.037072289156626505,0.03459832028547006,1.0,0.06688261445451325,142306.0,5100,142306,0,229,0.04287703203502801,0.06688261445451325,0.15196119328271931
0.03907630522088353,0.03459832028547006,1.0,0.06688261445451325,142306.0,5100,142306,0,229,0.04287703203502801,0.06688261445451325,0.15196119328271931
0.04108032128514056,0.03459832028547006,1.0,0.06688261445451325,142306.0,5100,142306,0,229,0.04287703203502801,0.06688261445451325,0.15196119328271931
0.04308433734939759,0.03459832028547006,1.0,0.06688261445451325,142306.0,5100,142306,0,229,0.04287703203502801,0.06688261445451325,0.15196119328271931
0.045088353413654615,0.03459855500152641,1.0,0.06688305301465526,142305.0,5100,142305,0,230,0.042877320419693304,0.06688305301465526,0.15196209886475373
0.04709236947791164,0.03460090233725703,1.0,0.066887438932424,142295.0,5100,142295,0,240,0.04288020447972019,0.066887438932424,0.1519711552787628
0.04909638554216868,0.0346102948661396,1.0,0.06690498835722017,142255.0,5100,142255,0,280,0.042891744600686274,0.06690498835722017,0.1520073917319901
0.051100401606425705,0.03461099951137413,1.0,0.06690630493532392,142252.0,5100,142252,0,283,0.04289261036016337,0.06690630493532392,0.15201011016262103
0.05310441767068273,0.03461311361924218,1.0,0.0669102549805501,142243.0,5100,142243,0,292,0.042895207848309094,0.0669102549805501,0.1520182660379271
0.05510843373493976,0.034614523167975454,1.0,0.06691288860316064,142237.0,5100,142237,0,298,0.04289693968185611,0.06691288860316064,0.15202370377436103
0.05711244979919679,0.034614523167975454,1.0,0.06691288860316064,142237.0,5100,142237,0,298,0.04289693968185611,0.06691288860316064,0.15202370377436103
0.059116465863453815,0.034620867558210575,1.0,0.06692474247096647,142210.0,5100,142210,0,325,0.042904734663660536,0.06692474247096647,0.15204817840319598
0.06112048192771084,0.034630976389822564,1.0,0.06694362952607848,142167.0,5100,142167,0,368,0.04291715474411278,0.06694362952607848,0.1520871727889209
0.06312449799196787,0.03463121154916953,1.0,0.06694406888675951,142166.0,5100,142166,0,369,0.042917443668751394,0.06694406888675951,0.152088079873081
0.0651285140562249,0.03463121154916953,1.0,0.06694406888675951,142166.0,5100,142166,0,369,0.042917443668751394,0.06694406888675951,0.152088079873081
0.06713253012048193,0.03463121154916953,1.0,0.06694406888675951,142166.0,5100,142166,0,369,0.042917443668751394,0.06694406888675951,0.152088079873081
0.06913654618473895,0.03463121154916953,1.0,0.06694406888675951,142166.0,5100,142166,0,369,0.042917443668751394,0.06694406888675951,0.152088079873081
0.07114056224899598,0.03463144671171018,1.0,0.06694450825320776,142165.0,5100,142165,0,370,0.04291773259728019,0.06694450825320776,0.15208898696806128
0.07314457831325301,0.03463826781493656,1.0,0.06695725238945488,142136.0,5100,142136,0,399,0.042926113217202765,0.06695725238945488,0.15211529743014626
0.07514859437751004,0.03465097634221576,1.0,0.06698099578413733,142082.0,5100,142082,0,453,0.04294172723414861,0.06698099578413733,0.152164313589765
0.07715261044176706,0.0346917535661082,1.0,0.06705717610397807,141909.0,5100,141909,0,626,0.042991826495104,0.06705717610397807,0.1523215597727721
0.07915662650602409,0.03478361711416721,0.9998039215686274,0.06722833109194948,141494.0,5099,141493,1,1042,0.043104614281753204,0.06722833109194948,0.15267198428667242
0.08116064257028112,0.034799522265824945,0.9998039215686274,0.06725803792250618,141427.0,5099,141426,1,1109,0.043124154262516916,0.06725803792250618,0.1527332634416654
0.08316465863453815,0.03480142236054519,0.9998039215686274,0.067261586761379,141419.0,5099,141418,1,1117,0.04312648857854281,0.067261586761379,0.15274058364336765
0.08516867469879517,0.034802134949561137,0.9998039215686274,0.06726291767251047,141416.0,5099,141415,1,1120,0.0431273640122066,0.06726291767251047,0.15274332889991254
0.0871726907630522,0.034802134949561137,0.9998039215686274,0.06726291767251047,141416.0,5099,141415,1,1120,0.0431273640122066,0.06726291767251047,0.15274332889991254
0.08917670682730923,0.034805460750853244,0.9998039215686274,0.06726912928759896,141402.0,5099,141401,1,1134,0.0431314498392827,0.06726912928759896,0.15275614140203717
0.09118072289156626,0.03480759910165129,0.9998039215686274,0.06727312307458885,141393.0,5099,141392,1,1143,0.04313407685123776,0.06727312307458885,0.15276437914566993
0.09318473895582328,0.034807836712403575,0.9998039215686274,0.06727356685797214,141392.0,5099,141391,1,1144,0.04313436876120867,0.06727356685797214,0.1527652945053628
0.09518875502008031,0.034807836712403575,0.9998039215686274,0.06727356685797214,141392.0,5099,141391,1,1144,0.04313436876120867,0.06727356685797214,0.1527652945053628
0.09719277108433735,0.034807836712403575,0.9998039215686274,0.06727356685797214,141392.0,5099,141391,1,1144,0.04313436876120867,0.06727356685797214,0.1527652945053628
0.09919678714859438,0.034807836712403575,0.9998039215686274,0.06727356685797214,141392.0,5099,141391,1,1144,0.04313436876120867,0.06727356685797214,0.1527652945053628
0.10120080321285141,0.03481544196971145,0.9998039215686274,0.06728777101835601,141360.0,5099,141359,1,1176,0.04314371196685913,0.06728777101835601,0.15279459180860372
0.10320481927710844,0.034926092853130954,0.9998039215686274,0.06749440745496182,140896.0,5099,140895,1,1640,0.04327964473174939,0.06749440745496182,0.15322066901450773
0.10520883534136546,0.0349485949280329,0.9998039215686274,0.06753642384105961,140802.0,5099,140801,1,1734,0.04330728724307797,0.06753642384105961,0.1533072760072159
0.10721285140562249,0.034951709199585984,0.9998039215686274,0.06754223873578521,140789.0,5099,140788,1,1747,0.043311112923173106,0.06754223873578521,0.15331926127718948
0.10921686746987952,0.0350105052114088,0.9998039215686274,0.06765201470061431,140544.0,5099,140543,1,1992,0.04338333889202748,0.06765201470061431,0.15354548849086377
0.11122088353413655,0.03565480272642024,0.9990196078431373,0.06885228178759172,137808.0,5095,137803,5,4732,0.044174359970313444,0.06885228178759172,0.15600313537214172
0.11322489959839357,0.03591117377511456,0.9988235294117647,0.0693297039809459,136762.0,5094,136756,6,5779,0.04448908296943231,0.0693297039809459,0.15697996918335902
0.1152289156626506,0.03594183265245645,0.9988235294117647,0.06938683775003575,136641.0,5094,136635,6,5900,0.04452672652513216,0.06938683775003575,0.1570971263623411
0.11723293172690763,0.03595299431838233,0.9988235294117647,0.06940763702013149,136597.0,5094,136591,6,5944,0.04454043088975938,0.06940763702013149,0.1571397723416726
0.11923694779116466,0.03595527824049239,0.9988235294117647,0.0694118929525263,136588.0,5094,136582,6,5953,0.04454323509454288,0.0694118929525263,0.15714849823539573
0.12124096385542169,0.03595730863709518,0.9988235294117647,0.06941567644173118,136580.0,5094,136574,6,5961,0.04454572801746151,0.06941567644173118,0.15715625539896835
0.12324497991967871,0.03595781627207657,0.9988235294117647,0.06941662237848004,136578.0,5094,136572,6,5963,0.04454635129179172,0.06941662237848004,0.15715819480952203
0.12524899598393574,0.03595807009494229,0.9988235294117647,0.06941709535652234,136577.0,5094,136571,6,5964,0.04454666293549741,0.06941709535652234,0.1571591645327492
0.12725301204819275,0.035958323921391463,0.9988235294117647,0.06941756834101007,136576.0,5094,136570,6,5965,0.04454697458356362,0.06941756834101007,0.15716013426794354
0.1292570281124498,0.03595857775142416,0.9988235294117647,0.06941804133194333,136575.0,5094,136569,6,5966,0.04454728623599043,0.06941804133194333,0.15716110401510525
0.13126104417670684,0.03595908542224042,0.9988235294117647,0.06941898733314708,136573.0,5094,136567,6,5968,0.044547909553926235,0.06941898733314708,0.1571630435453317
0.13326506024096385,0.03595984695534315,0.9988235294117647,0.06942040638329768,136570.0,5094,136564,6,5971,0.04454884456353676,0.06942040638329768,0.1571659529304323
0.1352690763052209,0.03596010080687859,0.9988235294117647,0.06942087941290705,136569.0,5094,136563,6,5972,0.04454915624212912,0.06942087941290705,0.157166922749403
0.1372730923694779,0.0359606085207017,0.9988235294117647,0.06942182549146537,136567.0,5094,136561,6,5974,0.04454977961239768,0.06942182549146537,0.15716886242325134
0.13927710843373495,0.03596086238298954,0.9988235294117647,0.06942229854041457,136566.0,5094,136560,6,5975,0.04455009130407405,0.06942229854041457,0.15716983227812953
0.14128112449799196,0.03596162399135904,0.9988235294117647,0.06942371772594395,136563.0,5094,136557,6,5978,0.044551026405272656,0.06942371772594395,0.15717274191458244
0.143285140562249,0.035966448260280164,0.9988235294117647,0.06943270724858927,136544.0,5094,136538,6,5997,0.04455694962458103,0.06943270724858927,0.15719117211415032
0.14528915662650602,0.03639196403684936,0.9984313725490196,0.0702243123409713,134837.0,5092,134829,8,7706,0.04507918071333465,0.0702243123409713,0.1588063946706919
0.14729317269076306,0.03659728610855566,0.9984313725490196,0.07060650600404891,134052.0,5092,134044,8,8491,0.045331206244525,0.07060650600404891,0.15958780463343697
0.14929718875502007,0.03664759437187376,0.9984313725490196,0.0707001284320872,133861.0,5092,133853,8,8682,0.04539295392953929,0.0707001284320872,0.159779095672911
0.1513012048192771,0.036766299244448936,0.9980392156862745,0.07092000947457887,133362.0,5090,133352,10,9183,0.04553848135874661,0.07092000947457887,0.16022210750305332
0.15330522088353413,0.03681443067821005,0.9980392156862745,0.07100954931954995,133181.0,5090,133171,10,9364,0.04559755188625158,0.07100954931954995,0.16040488840988018
0.15530923694779117,0.036822154059841426,0.9980392156862745,0.07102391650154885,133152.0,5090,133142,10,9393,0.04560703047158925,0.07102391650154885,0.16043421251702056
0.15731325301204818,0.03682428521819655,0.9980392156862745,0.07102788088526694,133144.0,5090,133134,10,9401,0.04560964594728277,0.07102788088526694,0.16044230381279
0.15931726907630522,0.03682801533897692,0.9980392156862745,0.07103481962179892,133130.0,5090,133120,10,9415,0.045614223751657884,0.07103481962179892,0.16045646554441712
0.16132128514056224,0.03682881474889116,0.9980392156862745,0.07103630667029524,133127.0,5090,133117,10,9418,0.04561520482929697,0.07103630667029524,0.1604595005264585
0.16332530120481928,0.03682934770811476,0.9980392156862745,0.07103729807054883,133125.0,5090,133115,10,9420,0.04561585890450243,0.07103729807054883,0.1604615239116043
0.1653293172690763,0.03682988068276376,0.9980392156862745,0.07103828949847525,133123.0,5090,133113,10,9422,0.045616512998465704,0.07103828949847525,0.1604635473477803
0.16733333333333333,0.03682988068276376,0.9980392156862745,0.07103828949847525,133123.0,5090,133113,10,9422,0.045616512998465704,0.07103828949847525,0.1604635473477803
0.16933734939759035,0.036830147175873,0.9980392156862745,0.07103878522281615,133122.0,5090,133112,10,9423,0.04561684005248177,0.07103878522281615,0.16046455908500523
0.1713413654618474,0.03683441159017556,0.9980392156862745,0.07104671775330457,133106.0,5090,133096,10,9439,0.045622073554613826,0.07104671775330457,0.16048074861589295
0.1733453815261044,0.03683574442217092,0.9980392156862745,0.07104919703240484,133101.0,5090,133091,10,9444,0.045623709270307476,0.07104919703240484,0.16048580851426086
0.17534939759036144,0.03683681075721719,0.9980392156862745,0.07105118058027457,133097.0,5090,133087,10,9448,0.045625017927315485,0.07105118058027457,0.1604898566626938
0.17735341365461846,0.03683734394789217,0.9980392156862745,0.07105217239574245,133095.0,5090,133085,10,9450,0.04562567228397276,0.07105217239574245,0.16049188081349522
0.1793574297188755,0.03683814376284631,0.9980392156862745,0.07105366017086381,133092.0,5090,133082,10,9453,0.045626653854152474,0.07105366017086381,0.16049491713543373
0.1813614457831325,0.03683814376284631,0.9980392156862745,0.07105366017086381,133092.0,5090,133082,10,9453,0.045626653854152474,0.07105366017086381,0.16049491713543373
0.18336546184738955,0.03683814376284631,0.9980392156862745,0.07105366017086381,133092.0,5090,133082,10,9453,0.045626653854152474,0.07105366017086381,0.16049491713543373
0.18536947791164657,0.036838410375549135,0.9980392156862745,0.07105415610975006,133091.0,5090,133081,10,9454,0.045626981053597804,0.07105415610975006,0.1604959292682773
0.1873734939759036,0.036838676992111165,0.9980392156862745,0.07105465205555943,133090.0,5090,133080,10,9455,0.045627308257736025,0.07105465205555943,0.1604969414138866
0.18937751004016062,0.03683947686495328,0.9980392156862745,0.07105613993452782,133087.0,5090,133077,10,9458,0.04562828989830897,0.07105613993452782,0.1604999779273115
0.19138152610441767,0.03698993495875877,0.9980392156862745,0.07133597281104376,132525.0,5090,132515,10,10020,0.04581293202764978,0.07133597281104376,0.1610708521882219
0.1933855421686747,0.03760615534712521,0.9976470588235294,0.07248018120045299,130221.0,5088,130209,12,12326,0.04656884280818909,0.07248018120045299,0.16339428505366194
0.19538955823293172,0.03770478429511188,0.9968627450980392,0.07266126899962125,129769.0,5084,129753,16,12782,0.04668949100740566,0.07266126899962125,0.16374962154640968
0.19739357429718876,0.03774929832637847,0.9968627450980392,0.07274392250568758,129610.0,5084,129594,16,12941,0.04674409538590542,0.07274392250568758,0.16391751247759193
0.19939759036144578,0.03775742857355049,0.9968627450980392,0.07275901795361683,129581.0,5084,129565,16,12970,0.04675406845001618,0.07275901795361683,0.16394817122329072
0.20140160642570282,0.03776836787757225,0.9968627450980392,0.07277932860926205,129542.0,5084,129526,16,13009,0.04676748721345256,0.07277932860926205,0.16398942003741696
0.20340562248995983,0.037768648455898196,0.9968627450980392,0.07277984954441018,129541.0,5084,129525,16,13010,0.04676783138559359,0.07277984954441018,0.16399047797224678
0.20540963855421687,0.03777089323259114,0.9968627450980392,0.07278401729407807,129533.0,5084,129517,16,13018,0.046770584945097,0.07278401729407807,0.16399894194231004
0.20741365461847389,0.037771454468458164,0.9968627450980392,0.07278505930607951,129531.0,5084,129515,16,13020,0.046771273385636705,0.07278505930607951,0.16400105807134244
0.20941767068273093,0.037772015721004186,0.9968627450980392,0.07278610134791728,129529.0,5084,129513,16,13022,0.046771961846443715,0.07278610134791728,0.1640031742549856
0.21142168674698794,0.03777790987991916,0.9968627450980392,0.07279704458890576,129508.0,5084,129492,16,13043,0.04677919190878242,0.07279704458890576,0.16402539748090028
0.21342570281124498,0.038634807092306524,0.9954901960784314,0.07438282909676948,126356.0,5077,126333,23,16202,0.047829445679617145,0.07438282909676948,0.16721559844542522
0.215429718875502,0.03935474359670699,0.9945098039215686,0.07571335806357714,123835.0,5072,123807,28,18728,0.04871152634571354,0.07571335806357714,0.1698832387676766
0.21743373493975904,0.03957921700625552,0.9937254901960785,0.07612638662530886,123011.0,5068,122979,32,19556,0.048986251372542956,0.07612638662530886,0.1707006541055057
0.21943775100401605,0.03982019222457111,0.9935294117647059,0.07657143720673684,122213.0,5067,122180,33,20355,0.04928144597812049,0.07657143720673684,0.1715917018293633
0.2214417670682731,0.04125924353972477,0.9911764705882353,0.07922079957372784,117508.0,5055,117463,45,25072,0.05104286995225901,0.07922079957372784,0.17684966204396926
0.2234457831325301,0.04208428530927405,0.9896078431372549,0.080735207076928,114932.0,5047,114879,53,27656,0.0520519632676298,0.080735207076928,0.1798312500890783
0.22544979919678715,0.0423044342494821,0.9890196078431372,0.08113825192429884,114243.0,5044,114187,56,28348,0.05232104625495825,0.08113825192429884,0.18061891700267133
0.22745381526104416,0.04236284367833472,0.9888235294117647,0.08124501582852033,114057.0,5043,114000,57,28535,0.05239241011320002,0.08124501582852033,0.180826574299176
0.2294578313253012,0.04239049053175291,0.9880392156862745,0.08129320566906777,113893.0,5039,113832,61,28703,0.05242579861168912,0.08129320566906777,0.1809062906132648
0.23146184738955822,0.04241475383618259,0.9880392156862745,0.08133782071459127,113825.0,5039,113764,61,28771,0.052455487266610035,0.08133782071459127,0.1809946624713548
0.23346586345381526,0.042424395500774564,0.9880392156862745,0.08135554909748456,113798.0,5039,113737,61,28798,0.05246728473731997,0.08135554909748456,0.18102977524860608
0.23546987951807227,0.04241898538031395,0.9876470588235294,0.08134427182584542,113770.0,5037,113707,63,28828,0.05246044376307085,0.08134427182584542,0.18099954004484567
0.23747389558232931,0.04242434451566172,0.9876470588235294,0.08135412544718927,113755.0,5037,113692,63,28843,0.052467001099963335,0.08135412544718927,0.18101905425899706
0.23947791164658633,0.04242863279900941,0.9876470588235294,0.08136201006323848,113743.0,5037,113680,63,28855,0.05247224814987666,0.08136201006323848,0.1810346686601925
0.24148192771084337,0.04242970500530687,0.9876470588235294,0.08136398145605504,113740.0,5037,113677,63,28858,0.05247356007634033,0.08136398145605504,0.18103857268139797
0.24348594377510038,0.0424314921362323,0.9876470588235294,0.08136726732305406,113735.0,5037,113672,63,28863,0.052475746766235495,0.08136726732305406,0.18104507975760015
0.24548995983935742,0.042431849580483204,0.9876470588235294,0.08136792452830188,113734.0,5037,113671,63,28864,0.05247618412608453,0.08136792452830188,0.18104638122897318
0.24749397590361444,0.04243292194937029,0.9876470588235294,0.08136989620774605,113731.0,5037,113668,63,28867,0.052477496249374894,0.08136989620774605,0.18105028575536466
0.24949799196787148,0.04243470935130581,0.9876470588235294,0.08137318255250403,113726.0,5037,113663,63,28872,0.05247968326734736,0.08137318255250403,0.1810567936736161
0.2515020080321285,0.042435066849762844,0.9876470588235294,0.08137383985331059,113725.0,5037,113662,63,28873,0.05248012069281677,0.08137383985331059,0.18105809531340983
0.2535060240963855,0.042566499590056546,0.9874509803921568,0.08161479308640374,113337.0,5036,113273,64,29262,0.05264082151458389,0.08161479308640374,0.18153111910546538
0.25551004016064255,0.04296998420221169,0.9866666666666667,0.08235342252771981,112141.0,5032,112073,68,30462,0.05313397533367122,0.08235342252771981,0.18297516453947127
0.2575140562248996,0.043071128990841395,0.9866666666666667,0.08253916181415567,111866.0,5032,111798,68,30737,0.05325769442445282,0.08253916181415567,0.18334183487575603
0.25951807228915663,0.043149973830300226,0.986078431372549,0.08268185816337435,111589.0,5029,111518,71,31017,0.053353787917366884,0.08268185816337435,0.18361117804698168
0.2615220883534137,0.04318183769673968,0.986078431372549,0.08274035258018607,111503.0,5029,111432,71,31103,0.05339276007338452,0.08274035258018607,0.18372655467956542
0.26352610441767066,0.04320372502190684,0.986078431372549,0.08278053036164015,111444.0,5029,111373,71,31162,0.05341952972968379,0.08278053036164015,0.1838057923129779
0.2655301204819277,0.0432044132431666,0.9858823529411764,0.08278110259555306,111421.0,5028,111349,72,31186,0.05342025634923333,0.08278110259555306,0.1838028323475438
0.26753413654618474,0.045925068657977644,0.9803921568627451,0.08774007879059076,103973.0,5000,103873,100,38662,0.05674183825398555,0.08774007879059076,0.19338918412970998
0.2695381526104418,0.04869250696514981,0.9766666666666667,0.09276037059453421,97433.0,4981,97314,119,45221,0.06011634643236458,0.09276037059453421,0.20298300664248747
0.27154216867469877,0.0500478228039265,0.9747058823529412,0.09520708642566435,94483.0,4971,94354,129,48181,0.0617668986083499,0.09520708642566435,0.20760075172269785
0.2735461847389558,0.050212671374736055,0.9745098039215686,0.0955043764832483,94139.0,4970,94009,130,48526,0.06196760229018293,0.0955043764832483,0.2081605642533444
0.27555020080321285,0.052503506609427465,0.9688235294117648,0.09960890250786228,89326.0,4941,89167,159,53368,0.06475210467274042,0.09960890250786228,0.21574911796555699
0.2775542168674699,0.05411426439279208,0.9668627450980393,0.10249215356155557,86360.0,4931,86191,169,56344,0.06670941697241252,0.10249215356155557,0.2210774555693047
0.2795582329317269,0.055014877956014945,0.9643137254901961,0.10409126505386586,84658.0,4918,84476,182,58059,0.06780156393034002,0.10409126505386586,0.2239648796837714
0.2815622489959839,0.0553728317188556,0.9639215686274509,0.10472944184064764,84048.0,4916,83864,184,58671,0.06823607795236244,0.10472944184064764,0.22513280820663123
0.28356626506024096,0.05576199729542381,0.962156862745098,0.10541466610812146,83285.0,4907,83092,193,59443,0.06870701436028408,0.10541466610812146,0.2263397263812397
0.285570281124498,0.05582189830894494,0.9611764705882353,0.10551579400527364,83111.0,4902,82913,198,59622,0.06877876304860253,0.10551579400527364,0.2264935544979901
0.287574297188755,0.055965545604094315,0.9605882352941176,0.10576881557925645,82838.0,4899,82637,201,59898,0.06895260722207834,0.10576881557925645,0.22694003854135783
0.28957831325301203,0.05601939748839124,0.9603921568627451,0.10586379060669593,82738.0,4898,82536,202,59999,0.06901779977228917,0.10586379060669593,0.22710833317877477
0.2915823293172691,0.05615696887686062,0.9601960784313726,0.10610821000628372,82508.0,4897,82305,203,60230,0.06918464685737537,0.10610821000628372,0.22755153249939594
0.2935863453815261,0.056240874653667956,0.9592156862745098,0.10625196833291704,82299.0,4892,82091,208,60444,0.06928550386367242,0.10625196833291704,0.2277827961595411
0.2955903614457831,0.056367576540022134,0.9588235294117647,0.10647563471671821,82072.0,4890,81862,210,60673,0.06943892214888614,0.10647563471671821,0.22818052859489327
0.29759437751004014,0.05671090674748319,0.9576470588235294,0.10708060643930674,81453.0,4884,81237,216,61298,0.06985445558149114,0.10708060643930674,0.22925057031007967
0.2995983935742972,0.05945441827931919,0.95,0.11190539432504533,76901.0,4845,76646,255,65889,0.07317316289297537,0.11190539432504533,0.23775407052634676
0.3016024096385542,0.06578423976407653,0.9403921568627451,0.12296647650791616,68413.0,4796,68109,304,74426,0.0808169317875438,0.12296647650791616,0.25700659128664055
0.3036064257028112,0.07162742843309326,0.928235294117647,0.13299247106416454,61724.0,4734,61358,366,81177,0.08783974349458934,0.13299247106416454,0.27366692873329324
0.30561044176706825,0.07769297717078395,0.9101960784313725,0.1431655563779916,55564.0,4642,55106,458,87429,0.09508709830719564,0.1431655563779916,0.2895892598692419
0.3076144578313253,0.08826659309475011,0.8782352941176471,0.16041114533342882,46886.0,4479,46265,621,96270,0.107628943270728,0.16041114533342882,0.3147840998538176
0.30961847389558234,0.09737400826908034,0.8543137254901961,0.17482194803892065,41131.0,4357,40388,743,102147,0.11834528465884397,0.17482194803892065,0.3344078593905902
0.3116224899598393,0.11038331542955956,0.826078431372549,0.19474426237086,34841.0,4213,33954,887,108581,0.13351883778713047,0.19474426237086,0.3596735362917684
0.31362650602409636,0.1256657328448727,0.8003921568627451,0.21722587340020755,29419.0,4082,28401,1018,114134,0.15114935718940695,0.21722587340020755,0.3859463343607587
0.3156305220883534,0.13473948780653489,0.777843137254902,0.22969139019165077,26608.0,3967,25475,1133,117060,0.16143340821043722,0.22969139019165077,0.3979575458448698
0.31763453815261045,0.15569563987554047,0.7554901960784314,0.2581834020169531,22141.0,3853,20894,1247,121641,0.18508377526708172,0.2581834020169531,0.42671716836113144
0.31963855421686743,0.16949381327334084,0.7386274509803922,0.2757182067703568,19791.0,3767,18458,1333,124077,0.2003723404255319,0.2757182067703568,0.4418768328445748
0.3216425702811245,0.18805603844973923,0.7211764705882353,0.2983210317138454,17302.0,3678,15880,1422,126655,0.22068353093649495,0.2983210317138454,0.46023324490715245
0.3236465863453815,0.20212109309241905,0.7062745098039216,0.31429693294358885,15717.0,3602,14219,1498,128316,0.23578236279849185,0.31429693294358885,0.4712069281285158
0.32565060240963856,0.2172303135028388,0.6901960784313725,0.33045437476530226,14264.0,3520,12684,1580,129851,0.2517306482064191,0.33045437476530226,0.48082176811277455
0.3276546184738956,0.22904733688853776,0.682156862745098,0.34294445265907636,13331.0,3479,11710,1621,130825,0.26413690476190477,0.34294445265907636,0.48877462137177224
0.3296586345381526,0.23784530386740332,0.6752941176470588,0.35178753830439224,12692.0,3444,11036,1656,131499,0.2732465883846398,0.35178753830439224,0.49369266055045874
0.3316626506024096,0.2421759095725892,0.672156862745098,0.3560633601661906,12399.0,3428,10727,1672,131808,0.27770576798444585,0.3560633601661906,0.4960208363478512
0.33366666666666667,0.24615828583796262,0.6690196078431373,0.35989662992458205,12137.0,3412,10449,1688,132086,0.2817785412262156,0.35989662992458205,0.49794226671725866
0.3356706827309237,0.24948316597755463,0.6625490196078432,0.36247586354859473,11886.0,3379,10165,1721,132370,0.2850226061137729,0.36247586354859473,0.4977315578600048
0.3376746987951807,0.2552237671909429,0.6586274509803921,0.36788784842013034,11543.0,3359,9802,1741,132733,0.29085272928789135,0.36788784842013034,0.5004320491046155
0.33967871485943774,0.2612145494540027,0.6519607843137255,0.37298782881821757,11179.0,3325,9404,1775,133131,0.29679020279920026,0.37298782881821757,0.5018261945727309
0.3416827309236948,0.26877147063634876,0.644313725490196,0.37931432529146947,10754.0,3286,8940,1814,133595,0.30423672320568845,0.37931432529146947,0.5035860969778704
0.3436867469879518,0.2800520381613183,0.6331372549019608,0.388334335538184,10172.0,3229,8301,1871,134234,0.3152089027723545,0.388334335538184,0.5056373316630128
0.3456907630522088,0.2953512109121277,0.6241176470588236,0.4009573597027146,9511.0,3183,7594,1917,134941,0.33013192831065385,0.4009573597027146,0.5104724636751452
0.34769477911646585,0.30651039101743327,0.6101960784313726,0.4080508752376582,9029.0,3112,7041,1988,135494,0.34039201960098003,0.4080508752376582,0.5092789578764769
0.3496987951807229,0.3189799331103679,0.5984313725490196,0.41614398691028087,8564.0,3052,6516,2048,136019,0.3518398967075532,0.41614398691028087,0.5092098238120661
0.35170281124497993,0.33112143331121435,0.5870588235294117,0.4234196011879508,8154.0,2994,6048,2106,136487,0.3627507996510614,0.4234196011879508,0.5084573058895456
0.3537068273092369,0.34967046135410423,0.572156862745098,0.43406470806991443,7609.0,2918,5427,2182,137108,0.3791580041580041,0.43406470806991443,0.5075665333101409
0.35571084337349396,0.3637523931078494,0.5588235294117647,0.44066486277541556,7235.0,2850,4985,2250,137550,0.3910537870472009,0.44066486277541556,0.504692757216221
0.357714859437751,0.37668711656441717,0.5417647058823529,0.4443908323281061,6909.0,2763,4572,2337,137963,0.4011324041811847,0.4443908323281061,0.4981070849107626
0.35971887550200804,0.39393493301928456,0.5247058823529411,0.45001261246111157,6541.0,2676,4117,2424,138418,0.4146008924144769,0.45001261246111157,0.49203839223329526
0.361722891566265,0.4056795131845842,0.5098039215686274,0.4518203145364497,6309.0,2600,3809,2500,138726,0.42295679333680375,0.4518203145364497,0.48491178335633556
0.36372690763052207,0.4182088565763384,0.49627450980392157,0.453909612625538,6090.0,2531,3521,2569,139014,0.4317933669987717,0.453909612625538,0.47841373053077274
0.3657309236947791,0.42899050905953406,0.48745098039215684,0.45635612666360714,5923.0,2486,3309,2614,139226,0.43953323903818947,0.45635612666360714,0.474518037793472
0.36773493975903615,0.4419366581725519,0.476078431372549,0.4583726637719464,5738.0,2428,3066,2672,139469,0.44836755798493133,0.4583726637719464,0.46883447902989117
0.36973895582329314,0.4507870282571591,0.466078431372549,0.45830521546322184,5619.0,2377,2896,2723,139639,0.45376450824679293,0.45830521546322184,0.462937716667316
0.3717429718875502,0.4617215390717969,0.45647058823529413,0.4590810491027411,5486.0,2328,2714,2772,139821,0.4606617065062529,0.4590810491027411,0.4575112019495322
0.3737469879518072,0.47668284448195825,0.4429411764705882,0.45919300741945324,5321.0,2259,2480,2841,140055,0.46952943132690395,0.45919300741945324,0.4493018815386451
0.37575100401606426,0.48936636702477526,0.4376470588235294,0.4620639685332781,5197.0,2232,2329,2868,140206,0.4780671692940369,0.4620639685332781,0.4470974720564079
0.37775502008032125,0.5065554231227652,0.4166666666666667,0.4572350726196881,5045.0,2125,2070,2975,140465,0.48560329067641694,0.4572350726196881,0.4319983736531816
0.3797590361445783,0.5156632403328438,0.4131372549019608,0.4587415632484215,4972.0,2107,1979,2993,140556,0.4912796120126841,0.4587415632484215,0.43024585477415667
0.38176305220883533,0.5234629861982434,0.40901960784313723,0.45921849201981285,4913.0,2086,1899,3014,140636,0.4957224334600761,0.45921849201981285,0.4277219602214476
0.38376706827309237,0.5351633986928105,0.40137254901960784,0.45871148459383754,4831.0,2047,1778,3053,140757,0.5017156862745098,0.45871148459383754,0.42249742002063984
0.3857710843373494,0.5384410747539239,0.3968627450980392,0.45693644880912065,4811.0,2024,1735,3076,140800,0.5025824394119982,0.45693644880912065,0.418891510410199
0.3877751004016064,0.5412943406444625,0.3919607843137255,0.4546798589787331,4795.0,1999,1694,3101,140841,0.502969001610306,0.4546798589787331,0.4148507865355083
0.38977911646586344,0.5485937064884433,0.3862745098039216,0.453342538257968,4751.0,1970,1621,3130,140914,0.5060624743115495,0.453342538257968,0.4105706306531616
0.3917831325301205,0.5565365992594702,0.38313725490196077,0.45383811404018115,4703.0,1954,1557,3146,140978,0.510342666109486,0.45383811404018115,0.4085985529672535
0.3937871485943775,0.5689706318599822,0.37607843137254904,0.45283909809939793,4635.0,1918,1453,3182,141082,0.5160352991820921,0.45283909809939793,0.40343275419628966
0.3957911646586345,0.5741296518607443,0.3750980392156863,0.4537476280834915,4606.0,1913,1419,3187,141116,0.5190471022357283,0.4537476280834915,0.4030423057475139
0.39779518072289155,0.5801070192005037,0.36137254901960786,0.44533043373202846,4591.0,1843,1334,3257,141201,0.5174640610961366,0.44533043373202846,0.3908470119183951
0.3997991967871486,0.5886319845857418,0.3594117647058824,0.44631117604090575,4548.0,1833,1281,3267,141254,0.5220437457279562,0.44631117604090575,0.3897677979076295
0.40180321285140563,0.5939947780678851,0.3568627450980392,0.4458598726114649,4524.0,1820,1244,3280,141291,0.5243143581470384,0.4458598726114649,0.38782816229116945
0.4038072289156626,0.6009966777408637,0.3547058823529412,0.4461159062885327,4492.0,1809,1201,3291,141334,0.5277129521586931,0.4461159062885327,0.38637334472447676
0.40581124497991966,0.6083727211343687,0.35333333333333333,0.4470354750682213,4458.0,1802,1160,3298,141375,0.5316261505782394,0.4470354750682213,0.38566903518534373
0.4078152610441767,0.6182758620689656,0.3515686274509804,0.44825,4414.0,1793,1107,3307,141428,0.5368263473053893,0.44825,0.3847639484978541
0.40981927710843374,0.623249299719888,0.34901960784313724,0.4474610356963298,4396.0,1780,1076,3320,141459,0.5386105059307674,0.4474610356963298,0.3826969384244926
0.41182329317269073,0.6345670140136543,0.34627450980392155,0.4480527717873906,4351.0,1766,1017,3334,141518,0.5439871858058156,0.4480527717873906,0.3808825432428935
0.41382730923694777,0.6413564319941024,0.3411764705882353,0.44541149366440547,4333.0,1740,973,3360,141562,0.5453861584754263,0.44541149366440547,0.37641154328732745
0.4158313253012048,0.6490015360983102,0.33137254901960783,0.4387331256490134,4324.0,1690,914,3410,141621,0.5445991234854345,0.4387331256490134,0.36732742131803164
0.41783534136546185,0.6576576576576577,0.3292156862745098,0.4387821769240821,4295.0,1679,874,3421,141661,0.5482628004179728,0.4387821769240821,0.3657473968544417
0.41983935742971884,0.6630994847403884,0.32803921568627453,0.4389348025711662,4277.0,1673,850,3427,141685,0.5506187467087941,0.4389348025711662,0.36491733193735554
0.4218433734939759,0.67178658043654,0.32588235294117646,0.4388698177977291,4250.0,1662,812,3438,141723,0.5541477727393972,0.4388698177977291,0.36329457025443734
0.4238473895582329,0.6752032520325203,0.3256862745098039,0.4394179894179893,4238.0,1661,799,3439,141736,0.5558902275769745,0.4394179894179893,0.3632983377077865
0.42585140562248996,0.6796554552912223,0.3249019607843137,0.4396391615813213,4224.0,1657,781,3443,141754,0.557837328305952,0.4396391615813213,0.36277257202907437
0.42785542168674695,0.6829370045890697,0.32098039215686275,0.4367080165399493,4223.0,1637,760,3463,141775,0.5572576252723311,0.4367080165399493,0.3590384699741194
0.429859437751004,0.6843211433375368,0.3192156862745098,0.43535231982885414,4223.0,1628,751,3472,141784,0.5569239189928845,0.43535231982885414,0.35734667895869
0.43186345381526103,0.6946864111498258,0.3127450980392157,0.4313142239048134,4206.0,1595,701,3505,141834,0.5583169980397648,0.4313142239048134,0.35138350370109267
0.4338674698795181,0.6981962164540255,0.3111764705882353,0.4304896243048962,4199.0,1587,686,3513,141849,0.5591178128523111,0.4304896243048962,0.34997574207206805
0.43587148594377506,0.7087511394712853,0.30490196078431375,0.42637784480394847,4184.0,1555,639,3545,141896,0.5603199769385991,0.42637784480394847,0.34411790740904674
0.4378755020080321,0.7128440366972477,0.30470588235294116,0.4269230769230769,4172.0,1554,626,3546,141909,0.5622286541244573,0.4269230769230769,0.3441098317094774
0.43987951807228914,0.7165973185390662,0.30392156862745096,0.4268208729175271,4163.0,1550,613,3550,141922,0.5635543920884235,0.4268208729175271,0.3434826929043124
0.4418835341365462,0.7191272051996286,0.3037254901960784,0.42707471739729796,4156.0,1549,605,3551,141930,0.5646689997083697,0.42707471739729796,0.343398066861754
0.44388755020080317,0.7206703910614525,0.3035294117647059,0.4271523178807947,4152.0,1548,600,3552,141935,0.5652936021034181,0.4271523178807947,0.34326769558275677
0.4458915662650602,0.7231850117096019,0.3027450980392157,0.4268140981340705,4147.0,1544,591,3556,141944,0.5659824046920823,0.4268140981340705,0.34257821167073443
0.44789558232931725,0.7264595103578154,0.30254901960784314,0.42718715393133994,4138.0,1543,581,3557,141954,0.5674463077375699,0.42718715393133994,0.34252353045640205
0.4498995983935743,0.728436018957346,0.30137254901960786,0.42635228848821083,4136.0,1537,573,3563,141962,0.5675775480059084,0.42635228848821083,0.34140382052421153
0.45190361445783134,0.7300906056270863,0.3001960784313725,0.42545505071557593,4135.0,1531,566,3569,141969,0.5675415183867141,0.42545505071557593,0.3402675912343868
0.4539076305220883,0.7321514135122185,0.2996078431372549,0.42521218867399474,4131.0,1528,559,3572,141976,0.5681142177275431,0.42521218867399474,0.33975185662827406
0.45591164658634536,0.7372262773722628,0.29705882352941176,0.42348008385744235,4125.0,1515,540,3585,141995,0.5686936936936936,0.42348008385744235,0.33734134936539745
0.4579156626506024,0.7378167641325536,0.2968627450980392,0.4233780760626398,4124.0,1514,538,3586,141997,0.5688307784791102,0.4233780760626398,0.33716372706217707
0.45991967871485945,0.7381533952125061,0.29627450980392156,0.4228347558416119,4125.0,1511,536,3589,141999,0.5685580975316075,0.4228347558416119,0.3365705884973493
0.46192369477911643,0.7398334149926507,0.296078431372549,0.422909956588713,4121.0,1510,531,3590,142004,0.5692098914354644,0.422909956588713,0.33643777015284526
0.4639277108433735,0.7430966469428008,0.29549019607843136,0.42283950617283944,4114.0,1507,521,3593,142014,0.5703148652739932,0.42283950617283944,0.335963973604423
0.4659317269076305,0.7459057071960298,0.29470588235294115,0.422487702037948,4109.0,1503,512,3597,142023,0.5710486322188449,0.422487702037948,0.3352665625697077
0.46793574297188756,0.749001996007984,0.2943137254901961,0.4225788288288288,4102.0,1501,503,3599,142032,0.5722018908203721,0.4225788288288288,0.3349848241385467
0.46993975903614454,0.7546882919412062,0.29196078431372546,0.42103774918704934,4095.0,1489,484,3611,142051,0.5730449507389161,0.42103774918704934,0.33276717471952794
0.4719437751004016,0.7575293517100562,0.2909803921568627,0.42045615526278507,4091.0,1484,475,3616,142060,0.5735930735930735,0.42045615526278507,0.33185741759470455
0.4739477911646586,0.7606574216743708,0.2903921568627451,0.4203207038456081,4085.0,1481,466,3619,142069,0.5745654872749845,0.4203207038456081,0.33136438895601195
0.47595180722891567,0.762641898864809,0.28980392156862744,0.4200056834327935,4082.0,1478,460,3622,142075,0.5750077808901338,0.4200056834327935,0.33082639448473455
0.47795582329317265,0.7660239708181344,0.28823529411764703,0.41886308590967375,4079.0,1470,449,3630,142086,0.5752974326862867,0.41886308590967375,0.32931582956225636
0.4799598393574297,0.7674174960712414,0.2872549019607843,0.4180339563418462,4079.0,1465,444,3635,142091,0.5751413316582915,0.4180339563418462,0.32834282128289033
0.48196385542168674,0.7710970464135021,0.2866666666666667,0.4179531160663237,4072.0,1462,434,3638,142101,0.576316619362977,0.4179531160663237,0.32786149982059565
0.4839678714859438,0.775412453432677,0.28568627450980394,0.4175383292735349,4065.0,1457,422,3643,142113,0.5774413443246671,0.4175383292735349,0.3269895417209031
0.48597188755020077,0.7801075268817205,0.2845098039215686,0.4169540229885057,4058.0,1451,409,3649,142126,0.5785486443381181,0.4169540229885057,0.32592093441150044
0.4879759036144578,0.782560706401766,0.2780392156862745,0.41030092592592593,4076.0,1418,394,3682,142141,0.5741820537738905,0.41030092592592593,0.3191968305420494
0.48997991967871485,0.7846410684474123,0.27647058823529413,0.40887342322749026,4077.0,1410,387,3690,142148,0.57373046875,0.40887342322749026,0.3176104879037708
0.4919839357429719,0.7894137734775185,0.2719607843137255,0.4045500947936415,4083.0,1387,370,3713,142165,0.5718172823218997,0.4045500947936415,0.31299363632260685
0.4939879518072289,0.7917620137299771,0.27137254901960783,0.40420560747663553,4080.0,1384,364,3716,142171,0.57227919285478,0.40420560747663553,0.3124435614953946
0.4959919678714859,0.7917620137299771,0.27137254901960783,0.40420560747663553,4080.0,1384,364,3716,142171,0.57227919285478,0.40420560747663553,0.3124435614953946
0.49799598393574296,0.7939150401836969,0.2711764705882353,0.4042677579655072,4076.0,1383,359,3717,142176,0.5730029830957906,0.4042677579655072,0.3123024117062596
0.5,0.7947976878612717,0.2696078431372549,0.40263543191800877,4080.0,1375,355,3725,142180,0.571963394342762,0.40263543191800877,0.3106642566651604
0.502004016064257,0.794679005205321,0.26941176470588235,0.4024015229169717,4081.0,1374,355,3726,142180,0.5717376830892145,0.4024015229169717,0.31045234759817436
0.5040080321285141,0.7981165391406709,0.26588235294117646,0.39888218855714075,4087.0,1356,343,3744,142192,0.569939475453934,0.39888218855714075,0.3068012127245576
0.506012048192771,0.7998815867377146,0.2649019607843137,0.3979967594638385,4087.0,1351,338,3749,142197,0.5697537112010795,0.3979967594638385,0.3058083208836977
0.508016064257028,0.800711743772242,0.2647058823529412,0.3978779840848807,4086.0,1350,336,3750,142199,0.5699088145896657,0.3978779840848807,0.3056234718826406
0.5100200803212851,0.8011869436201781,0.2647058823529412,0.39793662490788506,4085.0,1350,335,3750,142200,0.5701013513513514,0.39793662490788506,0.3056373103916686
0.5120240963855421,0.8029761904761905,0.26450980392156864,0.3979351032448378,4082.0,1349,331,3751,142204,0.5706429780033841,0.3979351032448378,0.3054800724637682
0.5140281124497992,0.80622009569378,0.2643137254901961,0.3981098641464855,4076.0,1348,324,3752,142211,0.5717678995588734,0.3981098641464855,0.3053642624139181
0.5160321285140562,0.8073229291716687,0.26372549019607844,0.39757611587348507,4076.0,1345,321,3755,142214,0.5716592995579736,0.39757611587348507,0.3047675156349135
0.5180361445783133,0.8094089264173703,0.26313725490196077,0.39715892275821246,4074.0,1342,316,3758,142219,0.5719399931810433,0.39715892275821246,0.30419802339287333
0.5200401606425703,0.8115151515151515,0.26254901960784316,0.3967407407407407,4072.0,1339,311,3761,142224,0.5722222222222222,0.3967407407407407,0.3036281179138322
0.5220441767068273,0.8122721749696233,0.26215686274509803,0.39638304180254963,4072.0,1337,309,3763,142226,0.5721499486477233,0.39638304180254963,0.30322961081375305
0.5240481927710843,0.8145210494203783,0.26176470588235295,0.3962012167977445,4069.0,1335,304,3765,142231,0.5726664378860672,0.3962012167977445,0.3028721811334453
0.5260522088353413,0.8167797655768044,0.2596078431372549,0.3939889897336705,4073.0,1324,297,3776,142238,0.5714779005524863,0.3939889897336705,0.3006221334181009
0.5280562248995984,0.817783343769568,0.25607843137254904,0.3900253845005226,4085.0,1306,291,3794,142244,0.5684192200557103,0.3900253845005226,0.2968586625448925
0.5300602409638554,0.8181818181818182,0.25588235294117645,0.3898431665421956,4085.0,1305,290,3795,142245,0.5683797909407664,0.3898431665421956,0.29665833143896336
0.5320642570281124,0.819496855345912,0.2554901960784314,0.38953662182361737,4084.0,1303,287,3797,142248,0.568499127399651,0.38953662182361737,0.2962710322874034
0.5340682730923695,0.820952380952381,0.2535294117647059,0.38741573033707866,4089.0,1293,282,3807,142253,0.5671052631578948,0.38741573033707866,0.29419795221843004
0.5360722891566265,0.8207247298156389,0.25313725490196076,0.3869324142065038,4091.0,1291,282,3809,142253,0.5666257022471909,0.3869324142065038,0.2937696263596231
0.5380763052208836,0.8314150304671631,0.2407843137254902,0.3734225330697886,4121.0,1228,249,3872,142286,0.5577761627906976,0.3734225330697886,0.28066005393792565
0.5400803212851405,0.8311864406779661,0.2403921568627451,0.37292775665399236,4123.0,1226,249,3874,142286,0.5572727272727273,0.37292775665399236,0.28022857142857144
0.5420843373493975,0.830716723549488,0.23862745098039215,0.3707539984767707,4131.0,1217,248,3883,142287,0.5552007299270073,0.3707539984767707,0.27829865081179966
0.5440883534136546,0.8304853041695147,0.23823529411764705,0.37025750419015696,4133.0,1215,248,3885,142287,0.5546932067202337,0.37025750419015696,0.2778667154553354
0.5460923694779116,0.8303693570451436,0.2380392156862745,0.37000914355379455,4134.0,1214,248,3886,142287,0.5544391669711363,0.37000914355379455,0.2776507181410667
0.5480963855421687,0.8311599176389842,0.23745098039215687,0.36937623913375023,4135.0,1211,246,3889,142289,0.5540812591508053,0.36937623913375023,0.27702795443107475
0.5501004016064257,0.8310439560439561,0.2372549019607843,0.3691275167785235,4136.0,1210,246,3890,142289,0.5538264372024899,0.3691275167785235,0.276811859443631
0.5521044176706827,0.8326446280991735,0.23705882352941177,0.36904761904761907,4134.0,1209,243,3891,142292,0.5541804180418042,0.36904761904761907,0.2766337177375069
0.5541084337349398,0.8353022932592078,0.23568627450980392,0.367640311974308,4135.0,1202,237,3898,142298,0.5536109064112013,0.367640311974308,0.27519575072118685
0.5561124497991967,0.8351877607788595,0.23549019607843139,0.3673906393392475,4136.0,1201,237,3899,142298,0.553354220420199,0.3673906393392475,0.2749793937173734
0.5581164658634538,0.8351877607788595,0.23549019607843139,0.3673906393392475,4136.0,1201,237,3899,142298,0.553354220420199,0.3673906393392475,0.2749793937173734
0.5601204819277108,0.8351877607788595,0.23549019607843139,0.3673906393392475,4136.0,1201,237,3899,142298,0.553354220420199,0.3673906393392475,0.2749793937173734
0.5621244979919678,0.8354253835425384,0.23490196078431372,0.36669727578818484,4138.0,1198,236,3902,142299,0.5527870062753784,0.36669727578818484,0.27434276815975084
0.5641285140562249,0.8354253835425384,0.23490196078431372,0.36669727578818484,4138.0,1198,236,3902,142299,0.5527870062753784,0.36669727578818484,0.27434276815975084
0.5661325301204819,0.8354253835425384,0.23490196078431372,0.36669727578818484,4138.0,1198,236,3902,142299,0.5527870062753784,0.36669727578818484,0.27434276815975084
0.568136546184739,0.8354253835425384,0.23490196078431372,0.36669727578818484,4138.0,1198,236,3902,142299,0.5527870062753784,0.36669727578818484,0.27434276815975084
0.570140562248996,0.8353105373342637,0.23470588235294118,0.3664472677177407,4139.0,1197,236,3903,142299,0.552529542097489,0.3664472677177407,0.27412632253927544
0.5721445783132529,0.835195530726257,0.23450980392156862,0.3661971830985915,4140.0,1196,236,3904,142299,0.5522718876985593,0.3661971830985915,0.2739098570905093
0.57414859437751,0.835195530726257,0.23450980392156862,0.3661971830985915,4140.0,1196,236,3904,142299,0.5522718876985593,0.3661971830985915,0.2739098570905093
0.576152610441767,0.835195530726257,0.23450980392156862,0.3661971830985915,4140.0,1196,236,3904,142299,0.5522718876985593,0.3661971830985915,0.2739098570905093
0.5781566265060241,0.8357791754018169,0.23450980392156862,0.3662532537130607,4139.0,1196,235,3904,142300,0.5524759793052476,0.3662532537130607,0.27392240392102973
0.5801606425702811,0.8375350140056023,0.23450980392156862,0.366421568627451,4136.0,1196,232,3904,142303,0.5530891601923789,0.366421568627451,0.27396005131024376
0.5821646586345381,0.8375350140056023,0.23450980392156862,0.366421568627451,4136.0,1196,232,3904,142303,0.5530891601923789,0.366421568627451,0.27396005131024376
0.5841686746987952,0.8374384236453202,0.23333333333333334,0.3649746971323417,4141.0,1190,231,3910,142304,0.5517433234421365,0.3649746971323417,0.2726731130562302
0.5861726907630522,0.8385049365303244,0.23313725490196077,0.364835839214483,4140.0,1189,229,3911,142306,0.5518937987374675,0.364835839214483,0.2724814373453112
0.5881767068273093,0.8385049365303244,0.23313725490196077,0.364835839214483,4140.0,1189,229,3911,142306,0.5518937987374675,0.364835839214483,0.2724814373453112
0.5901807228915662,0.8393489030431706,0.23254901960784313,0.36419468754798096,4141.0,1186,227,3914,142308,0.5515252976190476,0.36419468754798096,0.2718562325218906
0.5921847389558232,0.8394886363636364,0.23176470588235293,0.3632452366318377,4144.0,1182,226,3918,142309,0.5506895266492732,0.3632452366318377,0.27100146735143066
0.5941887550200803,0.8404558404558404,0.23137254901960785,0.36285362853628533,4144.0,1180,224,3920,142311,0.5505785740948115,0.36285362853628533,0.27059255182535313
0.5961927710843373,0.8421428571428572,0.2311764705882353,0.3627692307692308,4142.0,1179,221,3921,142314,0.5509345794392524,0.3627692307692308,0.2704128440366973
0.5981967871485944,0.8456568557071069,0.23098039215686275,0.36285230247959344,4137.0,1178,215,3922,142320,0.551911544227886,0.36285230247959344,0.2702702702702703
0.6002008032128514,0.851528384279476,0.22941176470588234,0.3614457831325301,4134.0,1170,204,3930,142331,0.5520951302378256,0.3614457831325301,0.268669054836043
0.6022048192771084,0.8521485797523671,0.22941176470588234,0.36150162212266335,4133.0,1170,203,3930,142332,0.5523036253776435,0.36150162212266335,0.2686813943875442
0.6042088353413655,0.8622611464968153,0.21235294117647058,0.34078036500943987,4190.0,1083,173,4017,142362,0.5348676412485183,0.34078036500943987,0.25004617657923894
0.6062128514056224,0.8620414673046252,0.2119607843137255,0.3402581051306264,4192.0,1081,173,4019,142362,0.5343020956899961,0.3402581051306264,0.24960746282442045
0.6082168674698795,0.8623481781376519,0.2088235294117647,0.33622730860299926,4205.0,1065,170,4035,142365,0.530378486055777,0.33622730860299926,0.24612895770741855
0.6102208835341365,0.8623481781376519,0.2088235294117647,0.33622730860299926,4205.0,1065,170,4035,142365,0.530378486055777,0.33622730860299926,0.24612895770741855
0.6122248995983935,0.865040650406504,0.20862745098039215,0.3361769352290679,4202.0,1064,166,4036,142369,0.5309381237524949,0.3361769352290679,0.2459546925566343
0.6142289156626506,0.8655256723716381,0.20823529411764705,0.3357041251778094,4203.0,1062,165,4038,142370,0.5305755395683452,0.3357041251778094,0.24552642530170618
0.6162329317269076,0.8659035159443991,0.2076470588235294,0.33496757868100585,4205.0,1059,164,4041,142371,0.5299239391513212,0.33496757868100585,0.24487813901863761
0.6182369477911647,0.866885784716516,0.2068627450980392,0.334019312965015,4207.0,1055,162,4045,142373,0.52919341894061,0.334019312965015,0.24402090946939906
0.6202409638554217,0.8662790697674418,0.20450980392156862,0.33090101522842635,4218.0,1043,161,4057,142374,0.5259177087535296,0.33090101522842635,0.2413904832438437
0.6222449799196786,0.8665554628857381,0.20372549019607844,0.32989363391014453,4221.0,1039,160,4061,142375,0.5249595796281327,0.32989363391014453,0.24052039446270665
0.6242489959839357,0.8676716917922948,0.20313725490196077,0.32920241499841124,4222.0,1036,158,4064,142377,0.5245038477116242,0.32920241499841124,0.23988144855052326
0.6262530120481927,0.8682885906040269,0.20294117647058824,0.32898919262555626,4222.0,1035,157,4065,142378,0.5244223753546818,0.32898919262555626,0.23967210077806594
0.6282570281124498,0.8687552921253175,0.2011764705882353,0.3266995701321446,4229.0,1026,155,4074,142380,0.5221905537459284,0.3266995701321446,0.23770909596404244
0.6302610441767068,0.8687552921253175,0.2011764705882353,0.3266995701321446,4229.0,1026,155,4074,142380,0.5221905537459284,0.3266995701321446,0.23770909596404244
0.6322650602409638,0.8702290076335878,0.2011764705882353,0.3268036311514573,4227.0,1026,153,4074,142382,0.5226161369193154,0.3268036311514573,0.2377311274850549
0.6342690763052209,0.8708581138487681,0.20098039215686275,0.32658913493707187,4227.0,1025,152,4075,142383,0.5225326264274062,0.32658913493707187,0.23752143486119476
0.6362730923694779,0.8707482993197279,0.2007843137254902,0.3263224984066284,4228.0,1024,152,4076,142383,0.522235822113423,0.3263224984066284,0.23730070448646642
0.6382771084337349,0.8729752770673487,0.2007843137254902,0.32647855890323607,4225.0,1024,149,4076,142386,0.5228758169934641,0.32647855890323607,0.23733370416724608
0.6402811244979919,0.8751076658053403,0.1992156862745098,0.3245487941223447,4229.0,1016,145,4084,142390,0.5213464696223318,0.3245487941223447,0.23561059320068645
0.642285140562249,0.8772687986171133,0.19901960784313724,0.32443663097330994,4227.0,1015,142,4085,142393,0.5216899671052632,0.32443663097330994,0.23542236860416563
0.644289156626506,0.8782608695652174,0.1980392156862745,0.3232,4230.0,1010,140,4090,142395,0.5206185567010309,0.3232,0.23433874709976796
0.646293172690763,0.8790252393385553,0.1980392156862745,0.323251720275244,4229.0,1010,139,4090,142396,0.5208333333333334,0.323251720275244,0.2343496217921945
0.6482971887550201,0.8845096241979835,0.1892156862745098,0.311742852527863,4261.0,965,126,4135,142409,0.5098267117497887,0.311742852527863,0.224512586664185
0.6503012048192771,0.8893023255813953,0.18745098039215685,0.3096356275303644,4263.0,956,119,4144,142416,0.5085106382978724,0.3096356275303644,0.22258440046565772
0.6523052208835342,0.8901515151515151,0.1843137254901961,0.30539311241065625,4276.0,940,116,4160,142419,0.5040755040755042,0.30539311241065625,0.21905294556301272
0.6543092369477912,0.890057361376673,0.18254901960784314,0.3029612756264237,4284.0,931,115,4169,142420,0.5014002585092632,0.3029612756264237,0.21705679380770304
0.6563132530120481,0.8978978978978979,0.17588235294117646,0.29414658140678795,4305.0,897,102,4203,142433,0.49307387862796836,0.29414658140678795,0.2095892331417356
0.6583172690763052,0.9021190716448032,0.17529411764705882,0.2935478574946642,4303.0,894,97,4206,142438,0.49315975286849073,0.2935478574946642,0.20896638773315881
0.6603212851405622,0.901840490797546,0.17294117647058824,0.2902270483711747,4314.0,882,96,4218,142439,0.4893475366178429,0.2902270483711747,0.206286836935167
0.6623253012048193,0.901840490797546,0.17294117647058824,0.2902270483711747,4314.0,882,96,4218,142439,0.4893475366178429,0.2902270483711747,0.206286836935167
0.6643293172690763,0.9020833333333333,0.16980392156862745,0.28580858085808586,4328.0,866,94,4234,142441,0.48434004474272935,0.28580858085808586,0.20271535580524344
0.6663333333333333,0.9049145299145299,0.16607843137254902,0.280649436713055,4342.0,847,89,4253,142446,0.47885572139303484,0.280649436713055,0.19849081364829396
0.6683373493975904,0.9054779806659506,0.1652941176470588,0.2795556292488807,4345.0,843,88,4257,142447,0.4776745240253854,0.2795556292488807,0.19759973747128592
0.6703413654618474,0.907027027027027,0.16450980392156864,0.2785062240663901,4347.0,839,86,4261,142449,0.47670454545454544,0.2785062240663901,0.19671746776084406
0.6723453815261043,0.9089900110987791,0.16058823529411764,0.2729545075820696,4363.0,819,82,4281,142453,0.4704733455882353,0.2729545075820696,0.19224449556358858
0.6743493975903614,0.9106145251396648,0.15980392156862744,0.27189324437030854,4365.0,815,80,4285,142455,0.4694700460829492,0.27189324437030854,0.19135947405494244
0.6763534136546184,0.9111361079865017,0.1588235294117647,0.27049590916680577,4369.0,810,79,4290,142456,0.46788354898336415,0.27049590916680577,0.19023909061017427
0.6783574297188755,0.9119351100811124,0.1543137254901961,0.2639610934093577,4389.0,787,76,4313,142459,0.4601262862488307,0.2639610934093577,0.1850632554202135
0.6803614457831325,0.9134615384615384,0.14901960784313725,0.25623735670937287,4412.0,760,72,4340,142463,0.4508780256288562,0.25623735670937287,0.17897513187641298
0.6823654618473896,0.914043583535109,0.1480392156862745,0.25480931488356395,4416.0,755,71,4345,142464,0.4491908614945264,0.25480931488356395,0.17784792235937058
0.6843694779116466,0.9168704156479217,0.14705882352941177,0.2534640081108483,4418.0,750,68,4350,142467,0.4479216435738174,0.2534640081108483,0.17673673296257894
0.6863734939759036,0.9168704156479217,0.14705882352941177,0.2534640081108483,4418.0,750,68,4350,142467,0.4479216435738174,0.2534640081108483,0.17673673296257894
0.6883775100401606,0.9201995012468828,0.14470588235294118,0.25008471704506946,4426.0,738,64,4362,142471,0.44415021665864235,0.25008471704506946,0.17404018488821812
0.6903815261044176,0.920099875156055,0.14450980392156862,0.24978817149635654,4427.0,737,64,4363,142471,0.44376204238921,0.24978817149635654,0.17381255601150886
0.6923855421686747,0.9204545454545454,0.14294117647058824,0.24745417515274945,4434.0,729,63,4371,142472,0.44085631349782284,0.24745417515274945,0.17199886749716872
0.6943895582329317,0.9254901960784314,0.1388235294117647,0.2414322250639386,4449.0,708,57,4392,142478,0.4338235294117647,0.2414322250639386,0.16725726435152377
0.6963935742971887,0.9252948885976409,0.1384313725490196,0.240832338393314,4451.0,706,57,4394,142478,0.4330225711481845,0.240832338393314,0.1668005481264471
0.6983975903614458,0.9274406332453826,0.13784313725490197,0.2400136565380676,4452.0,703,55,4397,142480,0.4322429906542056,0.2400136565380676,0.16613101427356083
0.7004016064257028,0.927710843373494,0.13588235294117648,0.237044638276039,4461.0,693,54,4407,142481,0.42841246290801194,0.237044638276039,0.16385302879841113
0.7024056224899599,0.9322990126939351,0.1296078431372549,0.2275778963677053,4487.0,661,48,4439,142487,0.41645665322580644,0.2275778963677053,0.15656828840778814
0.7044096385542168,0.9319148936170213,0.1288235294117647,0.22635658914728682,4491.0,657,48,4443,142487,0.4147727272727273,0.22635658914728682,0.15565031982942432
0.7064136546184738,0.9319148936170213,0.1288235294117647,0.22635658914728682,4491.0,657,48,4443,142487,0.4147727272727273,0.22635658914728682,0.15565031982942432
0.7084176706827309,0.9319148936170213,0.1288235294117647,0.22635658914728682,4491.0,657,48,4443,142487,0.4147727272727273,0.22635658914728682,0.15565031982942432
0.7104216867469879,0.934876989869754,0.12666666666666668,0.22310481782075633,4499.0,646,45,4454,142490,0.4107324516785351,0.22310481782075633,0.15314589161253617
0.712425702811245,0.934876989869754,0.12666666666666668,0.22310481782075633,4499.0,646,45,4454,142490,0.4107324516785351,0.22310481782075633,0.15314589161253617
0.714429718875502,0.9347181008902077,0.12352941176470589,0.21821960512642882,4514.0,630,44,4470,142491,0.40405336069779374,0.21821960512642882,0.14947328461611464
0.716433734939759,0.9347181008902077,0.12352941176470589,0.21821960512642882,4514.0,630,44,4470,142491,0.40405336069779374,0.21821960512642882,0.14947328461611464
0.7184377510040161,0.9370314842578711,0.12254901960784313,0.21675047685104906,4517.0,625,42,4475,142493,0.4022914521112255,0.21675047685104906,0.14833626050220725
0.7204417670682731,0.9369369369369369,0.1223529411764706,0.21644120707596257,4518.0,624,42,4476,142493,0.40185471406491496,0.21644120707596257,0.14810595272002278
0.72244578313253,0.9366515837104072,0.12176470588235294,0.215512753774076,4521.0,621,42,4479,142493,0.40054179566563464,0.215512753774076,0.1474148981626549
0.7244497991967871,0.9411764705882353,0.11607843137254902,0.20666783033688255,4545.0,592,37,4508,142498,0.38865546218487396,0.20666783033688255,0.14075800085596082
0.7264538152610441,0.9411764705882353,0.11607843137254902,0.20666783033688255,4545.0,592,37,4508,142498,0.38865546218487396,0.20666783033688255,0.14075800085596082
0.7284578313253012,0.9411764705882353,0.11607843137254902,0.20666783033688255,4545.0,592,37,4508,142498,0.38865546218487396,0.20666783033688255,0.14075800085596082
0.7304618473895582,0.9410828025477707,0.11588235294117646,0.20635474860335193,4546.0,591,37,4509,142498,0.3882028376248029,0.20635474860335193,0.14052691649229596
0.7324658634538153,0.9421221864951769,0.11490196078431372,0.2048234882908074,4550.0,586,36,4514,142499,0.38613600421718497,0.2048234882908074,0.13937779469127579
0.7344698795180723,0.9421221864951769,0.11490196078431372,0.2048234882908074,4550.0,586,36,4514,142499,0.38613600421718497,0.2048234882908074,0.13937779469127579
0.7364738955823293,0.9421221864951769,0.11490196078431372,0.2048234882908074,4550.0,586,36,4514,142499,0.38613600421718497,0.2048234882908074,0.13937779469127579
0.7384779116465863,0.9419354838709677,0.11450980392156863,0.20419580419580421,4552.0,584,36,4516,142499,0.3852242744063325,0.20419580419580421,0.13891531874405327
0.7404819277108433,0.9425287356321839,0.11254901960784314,0.20108600455421263,4561.0,574,35,4526,142500,0.3808386411889596,0.20108600455421263,0.13660812032938263
0.7424859437751004,0.943801652892562,0.11196078431372548,0.2001752848378615,4563.0,571,34,4529,142501,0.379654255319149,0.2001752848378615,0.13592001904308498
0.7444899598393574,0.943801652892562,0.11196078431372548,0.2001752848378615,4563.0,571,34,4529,142501,0.379654255319149,0.2001752848378615,0.13592001904308498
0.7464939759036144,0.943801652892562,0.11196078431372548,0.2001752848378615,4563.0,571,34,4529,142501,0.379654255319149,0.2001752848378615,0.13592001904308498
0.7484979919678715,0.9450915141430949,0.11137254901960784,0.19926328714260658,4565.0,568,33,4532,142502,0.3784648187633262,0.19926328714260658,0.13523165563544592
0.7505020080321285,0.9450915141430949,0.11137254901960784,0.19926328714260658,4565.0,568,33,4532,142502,0.3784648187633262,0.19926328714260658,0.13523165563544592
0.7525060240963856,0.9488054607508533,0.10901960784313726,0.19556806190643689,4574.0,556,30,4544,142505,0.37345513164965066,0.19556806190643689,0.13246926522443533
0.7545100401606425,0.9488054607508533,0.10901960784313726,0.19556806190643689,4574.0,556,30,4544,142505,0.37345513164965066,0.19556806190643689,0.13246926522443533
0.7565140562248995,0.9487179487179487,0.10882352941176471,0.19525065963060684,4575.0,555,30,4545,142505,0.372983870967742,0.19525065963060684,0.13223731236597572
0.7585180722891566,0.9487179487179487,0.10882352941176471,0.19525065963060684,4575.0,555,30,4545,142505,0.372983870967742,0.19525065963060684,0.13223731236597572
0.7605220883534136,0.9487179487179487,0.10882352941176471,0.19525065963060684,4575.0,555,30,4545,142505,0.372983870967742,0.19525065963060684,0.13223731236597572
0.7625261044176707,0.9470899470899471,0.10529411764705883,0.18951826363155108,4593.0,537,30,4563,142505,0.364413680781759,0.18951826363155108,0.12805837745027904
0.7645301204819277,0.9469964664310954,0.10509803921568628,0.18919872926226616,4594.0,536,30,4564,142505,0.3639326453014666,0.18919872926226616,0.12782600400648672
0.7665341365461847,0.9469964664310954,0.10509803921568628,0.18919872926226616,4594.0,536,30,4564,142505,0.3639326453014666,0.18919872926226616,0.12782600400648672
0.7685381526104418,0.9469964664310954,0.10509803921568628,0.18919872926226616,4594.0,536,30,4564,142505,0.3639326453014666,0.18919872926226616,0.12782600400648672
0.7705421686746988,0.9469964664310954,0.10509803921568628,0.18919872926226616,4594.0,536,30,4564,142505,0.3639326453014666,0.18919872926226616,0.12782600400648672
0.7725461847389558,0.9469964664310954,0.10509803921568628,0.18919872926226616,4594.0,536,30,4564,142505,0.3639326453014666,0.18919872926226616,0.12782600400648672
0.7745502008032128,0.9469964664310954,0.10509803921568628,0.18919872926226616,4594.0,536,30,4564,142505,0.3639326453014666,0.18919872926226616,0.12782600400648672
0.7765542168674698,0.9485815602836879,0.10490196078431373,0.1889124293785311,4594.0,535,29,4565,142506,0.36364872213159327,0.1889124293785311,0.1275996947147491
0.7785582329317269,0.9485815602836879,0.10490196078431373,0.1889124293785311,4594.0,535,29,4565,142506,0.36364872213159327,0.1889124293785311,0.1275996947147491
0.7805622489959839,0.948306595365419,0.10431372549019607,0.18795265854089382,4597.0,532,29,4568,142506,0.36220043572984745,0.18795265854089382,0.126902342445494
0.782566265060241,0.9481216457960644,0.10392156862745099,0.18731224597985507,4599.0,530,29,4570,142506,0.3612322791712104,0.18731224597985507,0.12643733002528745
0.784570281124498,0.9481216457960644,0.10392156862745099,0.18731224597985507,4599.0,530,29,4570,142506,0.3612322791712104,0.18731224597985507,0.12643733002528745
0.786574297188755,0.9473684210526315,0.10235294117647059,0.18474606264377985,4607.0,522,29,4578,142506,0.35733844468784226,0.18474606264377985,0.12457639253496253
0.788578313253012,0.9473684210526315,0.10235294117647059,0.18474606264377985,4607.0,522,29,4578,142506,0.35733844468784226,0.18474606264377985,0.12457639253496253
0.790582329317269,0.9473684210526315,0.10235294117647059,0.18474606264377985,4607.0,522,29,4578,142506,0.35733844468784226,0.18474606264377985,0.12457639253496253
0.7925863453815261,0.9472727272727273,0.10215686274509804,0.18442477876106197,4608.0,521,29,4579,142506,0.35684931506849316,0.18442477876106197,0.1243436754176611
0.7945903614457831,0.9487179487179487,0.10156862745098039,0.18349273822174988,4610.0,518,28,4582,142507,0.3555738605161999,0.18349273822174988,0.12365129380311277
0.7965943775100401,0.9487179487179487,0.10156862745098039,0.18349273822174988,4610.0,518,28,4582,142507,0.3555738605161999,0.18349273822174988,0.12365129380311277
0.7985983935742972,0.9487179487179487,0.10156862745098039,0.18349273822174988,4610.0,518,28,4582,142507,0.3555738605161999,0.18349273822174988,0.12365129380311277
0.8006024096385542,0.9487179487179487,0.10156862745098039,0.18349273822174988,4610.0,518,28,4582,142507,0.3555738605161999,0.18349273822174988,0.12365129380311277
0.8026064257028113,0.9484346224677717,0.10098039215686275,0.18252702463228782,4613.0,515,28,4585,142507,0.3540979097909791,0.18252702463228782,0.12295277658406151
0.8046104417670682,0.948339483394834,0.1007843137254902,0.18220489188231123,4614.0,514,28,4586,142507,0.3536048431480463,0.18220489188231123,0.12271989303791425
0.8066144578313252,0.9478584729981379,0.09980392156862745,0.18059251374844773,4619.0,509,28,4591,142507,0.3511313465783665,0.18059251374844773,0.12155514161532216
0.8086184738955823,0.9473684210526315,0.0988235294117647,0.17897727272727273,4624.0,504,28,4596,142507,0.3486441615938018,0.17897727272727273,0.12038983374737243
0.8106224899598393,0.9473684210526315,0.0988235294117647,0.17897727272727273,4624.0,504,28,4596,142507,0.3486441615938018,0.17897727272727273,0.12038983374737243
0.8126265060240964,0.9473684210526315,0.0988235294117647,0.17897727272727273,4624.0,504,28,4596,142507,0.3486441615938018,0.17897727272727273,0.12038983374737243
0.8146305220883534,0.9471698113207547,0.09843137254901961,0.1783303730017762,4626.0,502,28,4598,142507,0.3476454293628809,0.1783303730017762,0.11992355470616341
0.8166345381526104,0.950592885375494,0.09431372549019608,0.17160185515519086,4644.0,481,25,4619,142510,0.33759124087591236,0.17160185515519086,0.11503874485793551
0.8186385542168675,0.950592885375494,0.09431372549019608,0.17160185515519086,4644.0,481,25,4619,142510,0.33759124087591236,0.17160185515519086,0.11503874485793551
0.8206425702811244,0.950592885375494,0.09431372549019608,0.17160185515519086,4644.0,481,25,4619,142510,0.33759124087591236,0.17160185515519086,0.11503874485793551
0.8226465863453815,0.9539078156312625,0.09333333333333334,0.1700303625647437,4647.0,476,23,4624,142512,0.33540022547914317,0.1700303625647437,0.11388104694004499
0.8246506024096385,0.9538152610441767,0.09313725490196079,0.1697034655234012,4648.0,475,23,4625,142512,0.3348843767625494,0.1697034655234012,0.11364723897023639
0.8266546184738955,0.9538152610441767,0.09313725490196079,0.1697034655234012,4648.0,475,23,4625,142512,0.3348843767625494,0.1697034655234012,0.11364723897023639
0.8286586345381526,0.9538152610441767,0.09313725490196079,0.1697034655234012,4648.0,475,23,4625,142512,0.3348843767625494,0.1697034655234012,0.11364723897023639
0.8306626506024096,0.9537223340040242,0.09294117647058824,0.1693764516705378,4649.0,474,23,4626,142512,0.3343679458239278,0.1693764516705378,0.11341340862324738
0.8326666666666667,0.9524793388429752,0.0903921568627451,0.16511461318051573,4662.0,461,23,4639,142512,0.32760090960773164,0.16511461318051573,0.11037157632637425
0.8346706827309237,0.9524793388429752,0.0903921568627451,0.16511461318051573,4662.0,461,23,4639,142512,0.32760090960773164,0.16511461318051573,0.11037157632637425
0.8366746987951807,0.9523809523809523,0.09019607843137255,0.16478595737058932,4663.0,460,23,4640,142512,0.3270762229806598,0.16478595737058932,0.11013743236125077
0.8386787148594377,0.9525862068965517,0.08666666666666667,0.1588785046728972,4680.0,442,22,4658,142513,0.3177113283496263,0.1588785046728972,0.10592407975460125
0.8406827309236947,0.9519650655021834,0.08549019607843138,0.1568909679740914,4686.0,436,22,4664,142513,0.31448355452971727,0.1568909679740914,0.10451625275673604
0.8426867469879518,0.9519650655021834,0.08549019607843138,0.1568909679740914,4686.0,436,22,4664,142513,0.31448355452971727,0.1568909679740914,0.10451625275673604
0.8446907630522088,0.9519650655021834,0.08549019607843138,0.1568909679740914,4686.0,436,22,4664,142513,0.31448355452971727,0.1568909679740914,0.10451625275673604
0.8466947791164658,0.9514348785871964,0.08450980392156862,0.15523140644696562,4691.0,431,22,4669,142513,0.3117766203703703,0.15523140644696562,0.10334244473217281
0.8486987951807229,0.9514348785871964,0.08450980392156862,0.15523140644696562,4691.0,431,22,4669,142513,0.3117766203703703,0.15523140644696562,0.10334244473217281
0.8507028112449799,0.9514348785871964,0.08450980392156862,0.15523140644696562,4691.0,431,22,4669,142513,0.3117766203703703,0.15523140644696562,0.10334244473217281
0.852706827309237,0.9514348785871964,0.08450980392156862,0.15523140644696562,4691.0,431,22,4669,142513,0.3117766203703703,0.15523140644696562,0.10334244473217281
0.8547108433734939,0.9522673031026253,0.07823529411764706,0.14459141148758833,4721.0,399,20,4701,142515,0.2944214876033058,0.14459141148758833,0.09582592823862818
0.8567148594377509,0.9522673031026253,0.07823529411764706,0.14459141148758833,4721.0,399,20,4701,142515,0.2944214876033058,0.14459141148758833,0.09582592823862818
0.858718875502008,0.9519230769230769,0.07764705882352942,0.14358230601885424,4724.0,396,20,4704,142515,0.29272619751626255,0.14358230601885424,0.09511913912375096
0.860722891566265,0.9565217391304348,0.07333333333333333,0.13622291021671828,4743.0,374,17,4726,142518,0.2806122448979592,0.13622291021671828,0.08994276369582993
0.8627269076305221,0.9564102564102565,0.07313725490196078,0.1358834244080146,4744.0,373,17,4727,142518,0.28003003003003,0.1358834244080146,0.0897065897065897
0.8647309236947791,0.9564102564102565,0.07313725490196078,0.1358834244080146,4744.0,373,17,4727,142518,0.28003003003003,0.1358834244080146,0.0897065897065897
0.8667349397590361,0.9559585492227979,0.07235294117647059,0.13452424352898287,4748.0,369,17,4731,142518,0.2776941601444913,0.13452424352898287,0.08876166650630232
0.8687389558232932,0.95822454308094,0.07196078431372549,0.13386832026262993,4749.0,367,16,4733,142519,0.2766887816646562,0.13386832026262993,0.08829331665303373
0.8707429718875501,0.958005249343832,0.07156862745098039,0.13318737456668492,4751.0,365,16,4735,142519,0.27551328502415456,0.13318737456668492,0.08782060536066598
0.8727469879518072,0.9577836411609498,0.0711764705882353,0.1325059317393685,4753.0,363,16,4737,142519,0.27433494558645705,0.1325059317393685,0.08734780307040763
0.8747510040160642,0.9576719576719577,0.07098039215686275,0.1321650237312888,4754.0,362,16,4738,142519,0.2737447065940714,0.1321650237312888,0.08711136779285783
0.8767550200803212,0.9573333333333334,0.0703921568627451,0.13114155251141554,4757.0,359,16,4741,142519,0.27196969696969703,0.13114155251141554,0.08640192539109508
0.8787590361445783,0.9573333333333334,0.0703921568627451,0.13114155251141554,4757.0,359,16,4741,142519,0.27196969696969703,0.13114155251141554,0.08640192539109508
0.8807630522088353,0.9573333333333334,0.0703921568627451,0.13114155251141554,4757.0,359,16,4741,142519,0.27196969696969703,0.13114155251141554,0.08640192539109508
0.8827670682730924,0.9573333333333334,0.0703921568627451,0.13114155251141554,4757.0,359,16,4741,142519,0.27196969696969703,0.13114155251141554,0.08640192539109508
0.8847710843373494,0.9572192513368984,0.07019607843137254,0.1308001461454147,4758.0,358,16,4742,142519,0.2713765918738629,0.1308001461454147,0.08616539905651294
0.8867751004016063,0.9572192513368984,0.07019607843137254,0.1308001461454147,4758.0,358,16,4742,142519,0.2713765918738629,0.1308001461454147,0.08616539905651294
0.8887791164658634,0.9551820728291317,0.06686274509803922,0.12497709364119482,4775.0,341,16,4759,142519,0.2611825980392157,0.12497709364119482,0.08214096449390566
0.8907831325301204,0.9551820728291317,0.06686274509803922,0.12497709364119482,4775.0,341,16,4759,142519,0.2611825980392157,0.12497709364119482,0.08214096449390566
0.8927871485943775,0.9551820728291317,0.06686274509803922,0.12497709364119482,4775.0,341,16,4759,142519,0.2611825980392157,0.12497709364119482,0.08214096449390566
0.8947911646586345,0.9551820728291317,0.06686274509803922,0.12497709364119482,4775.0,341,16,4759,142519,0.2611825980392157,0.12497709364119482,0.08214096449390566
0.8967951807228915,0.9549295774647887,0.06647058823529411,0.12428964252978916,4777.0,339,16,4761,142519,0.25996932515337423,0.12428964252978916,0.08166706817634305
0.8987991967871486,0.9549295774647887,0.06647058823529411,0.12428964252978916,4777.0,339,16,4761,142519,0.25996932515337423,0.12428964252978916,0.08166706817634305
0.9008032128514056,0.9549295774647887,0.06647058823529411,0.12428964252978916,4777.0,339,16,4761,142519,0.25996932515337423,0.12428964252978916,0.08166706817634305
0.9028072289156627,0.9549295774647887,0.06647058823529411,0.12428964252978916,4777.0,339,16,4761,142519,0.25996932515337423,0.12428964252978916,0.08166706817634305
0.9048112449799196,0.9549295774647887,0.06647058823529411,0.12428964252978916,4777.0,339,16,4761,142519,0.25996932515337423,0.12428964252978916,0.08166706817634305
0.9068152610441766,0.9549295774647887,0.06647058823529411,0.12428964252978916,4777.0,339,16,4761,142519,0.25996932515337423,0.12428964252978916,0.08166706817634305
0.9088192771084337,0.9549295774647887,0.06647058823529411,0.12428964252978916,4777.0,339,16,4761,142519,0.25996932515337423,0.12428964252978916,0.08166706817634305
0.9108232931726907,0.9549295774647887,0.06647058823529411,0.12428964252978916,4777.0,339,16,4761,142519,0.25996932515337423,0.12428964252978916,0.08166706817634305
0.9128273092369478,0.9546742209631728,0.06607843137254903,0.12360168714469101,4779.0,337,16,4763,142519,0.2587530712530713,0.12360168714469101,0.08119308051847927
0.9148313253012048,0.9544159544159544,0.06568627450980392,0.12291322693083837,4781.0,335,16,4765,142519,0.25753382533825336,0.12291322693083837,0.0807190014939039
0.9168353413654619,0.9541547277936963,0.06529411764705882,0.12222426133235456,4783.0,333,16,4767,142519,0.2563115763546798,0.12222426133235456,0.08024483107619644
0.9188393574297189,0.9538904899135446,0.06490196078431372,0.12153478979254635,4785.0,331,16,4769,142519,0.2550863131935881,0.12153478979254635,0.07977056923892609
0.9208433734939758,0.9529411764705882,0.06352941176470588,0.11911764705882352,4792.0,324,16,4776,142519,0.2507739938080495,0.11911764705882352,0.0781099324975892
0.9228473895582329,0.9550898203592815,0.06254901960784313,0.1174089068825911,4796.0,319,15,4781,142520,0.24782473586078307,0.1174089068825911,0.07692678692003473
0.9248514056224899,0.954954954954955,0.06235294117647059,0.11706239646604089,4797.0,318,15,4782,142520,0.24720149253731344,0.11706239646604089,0.07668933584141224
0.926855421686747,0.954954954954955,0.06235294117647059,0.11706239646604089,4797.0,318,15,4782,142520,0.24720149253731344,0.11706239646604089,0.07668933584141224
0.928859437751004,0.954954954954955,0.06235294117647059,0.11706239646604089,4797.0,318,15,4782,142520,0.24720149253731344,0.11706239646604089,0.07668933584141224
0.930863453815261,0.9539877300613497,0.060980392156862746,0.11463324732768153,4804.0,311,15,4789,142520,0.24281698938163648,0.11463324732768153,0.07502653671716684
0.9328674698795181,0.9535603715170279,0.0603921568627451,0.11359026369168357,4807.0,308,15,4792,142520,0.2409261576971214,0.11359026369168357,0.07431356463832456
0.9348714859437751,0.9535603715170279,0.0603921568627451,0.11359026369168357,4807.0,308,15,4792,142520,0.2409261576971214,0.11359026369168357,0.07431356463832456
0.936875502008032,0.9535603715170279,0.0603921568627451,0.11359026369168357,4807.0,308,15,4792,142520,0.2409261576971214,0.11359026369168357,0.07431356463832456
0.9388795180722891,0.9535603715170279,0.0603921568627451,0.11359026369168357,4807.0,308,15,4792,142520,0.2409261576971214,0.11359026369168357,0.07431356463832456
0.9408835341365461,0.953125,0.059803921568627454,0.11254612546125463,4810.0,305,15,4795,142520,0.23902821316614423,0.11254612546125463,0.0736003861003861
0.9428875502008032,0.9565217391304348,0.05607843137254902,0.10594554547138357,4827.0,286,13,4814,142522,0.22712833545108005,0.10594554547138357,0.06908546306584859
0.9448915662650602,0.9586776859504132,0.04549019607843137,0.0868588543616623,4878.0,232,10,4868,142525,0.19116677653263017,0.0868588543616623,0.056196105028582494
0.9468955823293173,0.9705882352941176,0.03882352941176471,0.0746606334841629,4908.0,198,6,4902,142529,0.16734279918864095,0.0746606334841629,0.048048922539312755
0.9488995983935743,0.9693877551020408,0.03725490196078431,0.07175226586102719,4916.0,190,6,4910,142529,0.16145479265805576,0.07175226586102719,0.04612546125461255
0.9509036144578313,0.9693877551020408,0.03725490196078431,0.07175226586102719,4916.0,190,6,4910,142529,0.16145479265805576,0.07175226586102719,0.04612546125461255
0.9529076305220883,0.9693877551020408,0.03725490196078431,0.07175226586102719,4916.0,190,6,4910,142529,0.16145479265805576,0.07175226586102719,0.04612546125461255
0.9549116465863453,0.9693877551020408,0.03725490196078431,0.07175226586102719,4916.0,190,6,4910,142529,0.16145479265805576,0.07175226586102719,0.04612546125461255
0.9569156626506023,0.9690721649484536,0.03686274509803922,0.07102380052890066,4918.0,188,6,4912,142529,0.1599727705922396,0.07102380052890066,0.045644362435660876
0.9589196787148594,0.968421052631579,0.03607843137254902,0.06956521739130435,4922.0,184,6,4916,142529,0.15699658703071673,0.06956521739130435,0.044681884409907724
0.9609236947791164,0.9680851063829787,0.03568627450980392,0.06883509833585476,4924.0,182,6,4918,142529,0.1555023923444976,0.06883509833585476,0.04420050514863027
0.9629277108433735,0.9680851063829787,0.03568627450980392,0.06883509833585476,4924.0,182,6,4918,142529,0.1555023923444976,0.06883509833585476,0.04420050514863027
0.9649317269076305,0.9680851063829787,0.03568627450980392,0.06883509833585476,4924.0,182,6,4918,142529,0.1555023923444976,0.06883509833585476,0.04420050514863027
0.9669357429718876,0.9680851063829787,0.03568627450980392,0.06883509833585476,4924.0,182,6,4918,142529,0.1555023923444976,0.06883509833585476,0.04420050514863027
0.9689397590361446,0.9680851063829787,0.03568627450980392,0.06883509833585476,4924.0,182,6,4918,142529,0.1555023923444976,0.06883509833585476,0.04420050514863027
0.9709437751004015,0.9875,0.015490196078431372,0.030501930501930504,5022.0,79,1,5021,142534,0.07287822878228781,0.030501930501930504,0.019287109374999997
0.9729477911646586,0.9871794871794872,0.015098039215686275,0.029741212823483968,5024.0,77,1,5023,142534,0.07113821138211382,0.029741212823483968,0.018800664127356186
0.9749518072289156,0.987012987012987,0.014901960784313726,0.02936063357156654,5025.0,76,1,5024,142534,0.07026627218934911,0.02936063357156654,0.01855740587000049
0.9769558232931727,0.987012987012987,0.014901960784313726,0.02936063357156654,5025.0,76,1,5024,142534,0.07026627218934911,0.02936063357156654,0.01855740587000049
0.9789598393574297,0.987012987012987,0.014901960784313726,0.02936063357156654,5025.0,76,1,5024,142534,0.07026627218934911,0.02936063357156654,0.01855740587000049
0.9809638554216867,0.987012987012987,0.014901960784313726,0.02936063357156654,5025.0,76,1,5024,142534,0.07026627218934911,0.02936063357156654,0.01855740587000049
0.9829678714859438,0.987012987012987,0.014901960784313726,0.02936063357156654,5025.0,76,1,5024,142534,0.07026627218934911,0.02936063357156654,0.01855740587000049
0.9849718875502008,0.9833333333333333,0.011568627450980392,0.022868217054263566,5042.0,59,1,5041,142534,0.05524344569288389,0.022868217054263566,0.014418377321603127
0.9869759036144578,1.0,0.0037254901960784314,0.007423324868138309,5081.0,19,0,5081,142535,0.018353941267387944,0.007423324868138309,0.004652529506831872
0.9889799196787148,1.0,0.0037254901960784314,0.007423324868138309,5081.0,19,0,5081,142535,0.018353941267387944,0.007423324868138309,0.004652529506831872
0.9909839357429718,1.0,0.0037254901960784314,0.007423324868138309,5081.0,19,0,5081,142535,0.018353941267387944,0.007423324868138309,0.004652529506831872
0.9929879518072289,1.0,0.0037254901960784314,0.007423324868138309,5081.0,19,0,5081,142535,0.018353941267387944,0.007423324868138309,0.004652529506831872
0.9949919678714859,1.0,0.0037254901960784314,0.007423324868138309,5081.0,19,0,5081,142535,0.018353941267387944,0.007423324868138309,0.004652529506831872
0.996995983935743,1.0,0.0037254901960784314,0.007423324868138309,5081.0,19,0,5081,142535,0.018353941267387944,0.007423324868138309,0.004652529506831872
0.999,1.0,0.0037254901960784314,0.007423324868138309,5081.0,19,0,5081,142535,0.018353941267387944,0.007423324868138309,0.004652529506831872
